ORIGIN,DEST,YEAR,LABEL,MONTH,DAY_OF_WEEK,UNIQUE_CARRIER,DEST_STATE_ABR,CRS_DEP_TIME,DISTANCE
IAH,ABQ,2010,0,1638,1638,1638,1638,1638,1638
IAH,ABQ,2010,1,429,429,429,429,429,429
IAH,ABQ,2010,2,1,1,1,1,1,1
IAH,ABQ,2010,3,12,12,12,12,12,12
IAH,ABQ,2011,0,1367,1367,1367,1367,1367,1367
IAH,ABQ,2011,1,400,400,400,400,400,400
IAH,ABQ,2011,2,6,6,6,6,6,6
IAH,ABQ,2011,3,20,20,20,20,20,20
IAH,ABQ,2012,0,1149,1149,1149,1149,1149,1149
IAH,ABQ,2012,1,315,315,315,315,315,315
IAH,ABQ,2012,2,5,5,5,5,5,5
IAH,ABQ,2012,3,13,13,13,13,13,13
IAH,ACT,2012,0,143,143,143,143,143,143
IAH,ACT,2012,1,37,37,37,37,37,37
IAH,ACT,2012,3,7,7,7,7,7,7
IAH,AEX,2010,0,604,604,604,604,604,604
IAH,AEX,2010,1,113,113,113,113,113,113
IAH,AEX,2010,3,12,12,12,12,12,12
IAH,AEX,2011,0,589,589,589,589,589,589
IAH,AEX,2011,1,121,121,121,121,121,121
IAH,AEX,2011,2,2,2,2,2,2,2
IAH,AEX,2011,3,12,12,12,12,12,12
IAH,AEX,2012,0,765,765,765,765,765,765
IAH,AEX,2012,1,210,210,210,210,210,210
IAH,AEX,2012,2,7,7,7,7,7,7
IAH,AEX,2012,3,26,26,26,26,26,26
IAH,AGS,2010,0,1,1,1,1,1,1
IAH,AGS,2011,0,1,1,1,1,1,1
IAH,AGS,2012,1,1,1,1,1,1,1
IAH,AMA,2010,0,1193,1193,1193,1193,1193,1193
IAH,AMA,2010,1,228,228,228,228,228,228
IAH,AMA,2010,2,4,4,4,4,4,4
IAH,AMA,2010,3,34,34,34,34,34,34
IAH,AMA,2011,0,1016,1016,1016,1016,1016,1016
IAH,AMA,2011,1,241,241,241,241,241,241
IAH,AMA,2011,2,8,8,8,8,8,8
IAH,AMA,2011,3,32,32,32,32,32,32
IAH,AMA,2012,0,934,934,934,934,934,934
IAH,AMA,2012,1,261,261,261,261,261,261
IAH,AMA,2012,2,4,4,4,4,4,4
IAH,AMA,2012,3,17,17,17,17,17,17
IAH,ANC,2010,0,77,77,77,77,77,77
IAH,ANC,2010,1,45,45,45,45,45,45
IAH,ANC,2011,0,67,67,67,67,67,67
IAH,ANC,2011,1,57,57,57,57,57,57
IAH,ANC,2011,2,1,1,1,1,1,1
IAH,ANC,2012,0,65,65,65,65,65,65
IAH,ANC,2012,1,50,50,50,50,50,50
IAH,ANC,2012,2,5,5,5,5,5,5
IAH,ASE,2010,0,2,2,2,2,2,2
IAH,ASE,2010,1,2,2,2,2,2,2
IAH,ASE,2011,0,89,89,89,89,89,89
IAH,ASE,2011,1,23,23,23,23,23,23
IAH,ASE,2011,2,8,8,8,8,8,8
IAH,ASE,2011,3,5,5,5,5,5,5
IAH,ASE,2012,0,218,218,218,218,218,218
IAH,ASE,2012,1,67,67,67,67,67,67
IAH,ASE,2012,2,10,10,10,10,10,10
IAH,ASE,2012,3,6,6,6,6,6,6
IAH,ATL,2010,0,3902,3902,3902,3902,3902,3902
IAH,ATL,2010,1,1188,1188,1188,1188,1188,1188
IAH,ATL,2010,2,21,21,21,21,21,21
IAH,ATL,2010,3,82,82,82,82,82,82
IAH,ATL,2011,0,3791,3791,3791,3791,3791,3791
IAH,ATL,2011,1,1110,1110,1110,1110,1110,1110
IAH,ATL,2011,2,18,18,18,18,18,18
IAH,ATL,2011,3,78,78,78,78,78,78
IAH,ATL,2012,0,4076,4076,4076,4076,4076,4076
IAH,ATL,2012,1,1042,1042,1042,1042,1042,1042
IAH,ATL,2012,2,11,11,11,11,11,11
IAH,ATL,2012,3,45,45,45,45,45,45
IAH,AUS,2010,0,3038,3038,3038,3038,3038,3038
IAH,AUS,2010,1,555,555,555,555,555,555
IAH,AUS,2010,2,3,3,3,3,3,3
IAH,AUS,2010,3,8,8,8,8,8,8
IAH,AUS,2011,0,2723,2723,2723,2723,2723,2723
IAH,AUS,2011,1,602,602,602,602,602,602
IAH,AUS,2011,2,1,1,1,1,1,1
IAH,AUS,2011,3,22,22,22,22,22,22
IAH,AUS,2012,0,2665,2665,2665,2665,2665,2665
IAH,AUS,2012,1,628,628,628,628,628,628
IAH,AUS,2012,2,5,5,5,5,5,5
IAH,AUS,2012,3,26,26,26,26,26,26
IAH,AVL,2010,0,280,280,280,280,280,280
IAH,AVL,2010,1,63,63,63,63,63,63
IAH,AVL,2010,2,3,3,3,3,3,3
IAH,AVL,2010,3,3,3,3,3,3,3
IAH,AVL,2011,0,270,270,270,270,270,270
IAH,AVL,2011,1,76,76,76,76,76,76
IAH,AVL,2011,2,1,1,1,1,1,1
IAH,AVL,2011,3,3,3,3,3,3,3
IAH,AVL,2012,0,176,176,176,176,176,176
IAH,AVL,2012,1,55,55,55,55,55,55
IAH,AVL,2012,2,1,1,1,1,1,1
IAH,AVL,2012,3,8,8,8,8,8,8
IAH,BFL,2011,0,462,462,462,462,462,462
IAH,BFL,2011,1,41,41,41,41,41,41
IAH,BFL,2011,3,1,1,1,1,1,1
IAH,BFL,2012,0,517,517,517,517,517,517
IAH,BFL,2012,1,141,141,141,141,141,141
IAH,BFL,2012,2,1,1,1,1,1,1
IAH,BFL,2012,3,2,2,2,2,2,2
IAH,BHM,2010,0,1699,1699,1699,1699,1699,1699
IAH,BHM,2010,1,465,465,465,465,465,465
IAH,BHM,2010,2,8,8,8,8,8,8
IAH,BHM,2010,3,13,13,13,13,13,13
IAH,BHM,2011,0,1535,1535,1535,1535,1535,1535
IAH,BHM,2011,1,470,470,470,470,470,470
IAH,BHM,2011,2,7,7,7,7,7,7
IAH,BHM,2011,3,33,33,33,33,33,33
IAH,BHM,2012,0,1311,1311,1311,1311,1311,1311
IAH,BHM,2012,1,510,510,510,510,510,510
IAH,BHM,2012,2,2,2,2,2,2,2
IAH,BHM,2012,3,30,30,30,30,30,30
IAH,BNA,2010,0,1793,1793,1793,1793,1793,1793
IAH,BNA,2010,1,450,450,450,450,450,450
IAH,BNA,2010,2,4,4,4,4,4,4
IAH,BNA,2010,3,10,10,10,10,10,10
IAH,BNA,2011,0,1674,1674,1674,1674,1674,1674
IAH,BNA,2011,1,401,401,401,401,401,401
IAH,BNA,2011,2,5,5,5,5,5,5
IAH,BNA,2011,3,24,24,24,24,24,24
IAH,BNA,2012,0,1301,1301,1301,1301,1301,1301
IAH,BNA,2012,1,522,522,522,522,522,522
IAH,BNA,2012,2,7,7,7,7,7,7
IAH,BNA,2012,3,5,5,5,5,5,5
IAH,BOS,2010,0,1343,1343,1343,1343,1343,1343
IAH,BOS,2010,1,403,403,403,403,403,403
IAH,BOS,2010,2,5,5,5,5,5,5
IAH,BOS,2010,3,9,9,9,9,9,9
IAH,BOS,2011,0,1318,1318,1318,1318,1318,1318
IAH,BOS,2011,1,401,401,401,401,401,401
IAH,BOS,2011,2,5,5,5,5,5,5
IAH,BOS,2011,3,28,28,28,28,28,28
IAH,BOS,2012,0,1368,1368,1368,1368,1368,1368
IAH,BOS,2012,1,361,361,361,361,361,361
IAH,BOS,2012,2,3,3,3,3,3,3
IAH,BOS,2012,3,14,14,14,14,14,14
IAH,BPT,2010,0,3,3,3,3,3,3
IAH,BPT,2011,0,2,2,2,2,2,2
IAH,BPT,2011,1,1,1,1,1,1,1
IAH,BPT,2012,0,7,7,7,7,7,7
IAH,BPT,2012,1,3,3,3,3,3,3
IAH,BRO,2010,0,1381,1381,1381,1381,1381,1381
IAH,BRO,2010,1,283,283,283,283,283,283
IAH,BRO,2010,2,13,13,13,13,13,13
IAH,BRO,2010,3,24,24,24,24,24,24
IAH,BRO,2011,0,1368,1368,1368,1368,1368,1368
IAH,BRO,2011,1,292,292,292,292,292,292
IAH,BRO,2011,2,5,5,5,5,5,5
IAH,BRO,2011,3,27,27,27,27,27,27
IAH,BRO,2012,0,1216,1216,1216,1216,1216,1216
IAH,BRO,2012,1,367,367,367,367,367,367
IAH,BRO,2012,2,4,4,4,4,4,4
IAH,BRO,2012,3,23,23,23,23,23,23
IAH,BTR,2010,0,2000,2000,2000,2000,2000,2000
IAH,BTR,2010,1,424,424,424,424,424,424
IAH,BTR,2010,2,7,7,7,7,7,7
IAH,BTR,2010,3,22,22,22,22,22,22
IAH,BTR,2011,0,1405,1405,1405,1405,1405,1405
IAH,BTR,2011,1,322,322,322,322,322,322
IAH,BTR,2011,2,6,6,6,6,6,6
IAH,BTR,2011,3,29,29,29,29,29,29
IAH,BTR,2012,0,1521,1521,1521,1521,1521,1521
IAH,BTR,2012,1,534,534,534,534,534,534
IAH,BTR,2012,2,5,5,5,5,5,5
IAH,BTR,2012,3,50,50,50,50,50,50
IAH,BWI,2010,0,1301,1301,1301,1301,1301,1301
IAH,BWI,2010,1,226,226,226,226,226,226
IAH,BWI,2010,2,4,4,4,4,4,4
IAH,BWI,2010,3,20,20,20,20,20,20
IAH,BWI,2011,0,1103,1103,1103,1103,1103,1103
IAH,BWI,2011,1,199,199,199,199,199,199
IAH,BWI,2011,2,8,8,8,8,8,8
IAH,BWI,2011,3,14,14,14,14,14,14
IAH,BWI,2012,0,871,871,871,871,871,871
IAH,BWI,2012,1,232,232,232,232,232,232
IAH,BWI,2012,2,3,3,3,3,3,3
IAH,BWI,2012,3,14,14,14,14,14,14
IAH,CAE,2010,0,513,513,513,513,513,513
IAH,CAE,2010,1,114,114,114,114,114,114
IAH,CAE,2010,2,1,1,1,1,1,1
IAH,CAE,2010,3,1,1,1,1,1,1
IAH,CAE,2011,0,434,434,434,434,434,434
IAH,CAE,2011,1,109,109,109,109,109,109
IAH,CAE,2011,2,4,4,4,4,4,4
IAH,CAE,2011,3,14,14,14,14,14,14
IAH,CAE,2012,0,256,256,256,256,256,256
IAH,CAE,2012,1,95,95,95,95,95,95
IAH,CAE,2012,2,4,4,4,4,4,4
IAH,CAE,2012,3,4,4,4,4,4,4
IAH,CHS,2010,0,704,704,704,704,704,704
IAH,CHS,2010,1,209,209,209,209,209,209
IAH,CHS,2010,2,5,5,5,5,5,5
IAH,CHS,2010,3,5,5,5,5,5,5
IAH,CHS,2011,0,627,627,627,627,627,627
IAH,CHS,2011,1,265,265,265,265,265,265
IAH,CHS,2011,2,5,5,5,5,5,5
IAH,CHS,2011,3,9,9,9,9,9,9
IAH,CHS,2012,0,496,496,496,496,496,496
IAH,CHS,2012,1,206,206,206,206,206,206
IAH,CHS,2012,2,6,6,6,6,6,6
IAH,CHS,2012,3,3,3,3,3,3,3
IAH,CID,2011,0,268,268,268,268,268,268
IAH,CID,2011,1,138,138,138,138,138,138
IAH,CID,2011,2,2,2,2,2,2,2
IAH,CID,2011,3,2,2,2,2,2,2
IAH,CID,2012,0,340,340,340,340,340,340
IAH,CID,2012,1,143,143,143,143,143,143
IAH,CID,2012,2,2,2,2,2,2,2
IAH,CID,2012,3,7,7,7,7,7,7
IAH,CLE,2010,0,1806,1806,1806,1806,1806,1806
IAH,CLE,2010,1,327,327,327,327,327,327
IAH,CLE,2010,3,2,2,2,2,2,2
IAH,CLE,2011,0,1829,1829,1829,1829,1829,1829
IAH,CLE,2011,1,303,303,303,303,303,303
IAH,CLE,2011,3,8,8,8,8,8,8
IAH,CLE,2012,0,1743,1743,1743,1743,1743,1743
IAH,CLE,2012,1,297,297,297,297,297,297
IAH,CLE,2012,2,1,1,1,1,1,1
IAH,CLE,2012,3,17,17,17,17,17,17
IAH,CLL,2010,0,1,1,1,1,1,1
IAH,CLL,2012,0,619,619,619,619,619,619
IAH,CLL,2012,1,108,108,108,108,108,108
IAH,CLL,2012,3,20,20,20,20,20,20
IAH,CLT,2010,0,3828,3828,3828,3828,3828,3828
IAH,CLT,2010,1,814,814,814,814,814,814
IAH,CLT,2010,2,5,5,5,5,5,5
IAH,CLT,2010,3,34,34,34,34,34,34
IAH,CLT,2011,0,3737,3737,3737,3737,3737,3737
IAH,CLT,2011,1,919,919,919,919,919,919
IAH,CLT,2011,2,15,15,15,15,15,15
IAH,CLT,2011,3,64,64,64,64,64,64
IAH,CLT,2012,0,3873,3873,3873,3873,3873,3873
IAH,CLT,2012,1,805,805,805,805,805,805
IAH,CLT,2012,2,2,2,2,2,2,2
IAH,CLT,2012,3,20,20,20,20,20,20
IAH,CMH,2010,0,794,794,794,794,794,794
IAH,CMH,2010,1,176,176,176,176,176,176
IAH,CMH,2010,2,3,3,3,3,3,3
IAH,CMH,2010,3,1,1,1,1,1,1
IAH,CMH,2011,0,1084,1084,1084,1084,1084,1084
IAH,CMH,2011,1,241,241,241,241,241,241
IAH,CMH,2011,2,9,9,9,9,9,9
IAH,CMH,2011,3,14,14,14,14,14,14
IAH,CMH,2012,0,1070,1070,1070,1070,1070,1070
IAH,CMH,2012,1,376,376,376,376,376,376
IAH,CMH,2012,2,3,3,3,3,3,3
IAH,CMH,2012,3,8,8,8,8,8,8
IAH,COS,2010,0,1344,1344,1344,1344,1344,1344
IAH,COS,2010,1,317,317,317,317,317,317
IAH,COS,2010,2,15,15,15,15,15,15
IAH,COS,2010,3,9,9,9,9,9,9
IAH,COS,2011,0,1227,1227,1227,1227,1227,1227
IAH,COS,2011,1,404,404,404,404,404,404
IAH,COS,2011,2,6,6,6,6,6,6
IAH,COS,2011,3,20,20,20,20,20,20
IAH,COS,2012,0,1036,1036,1036,1036,1036,1036
IAH,COS,2012,1,336,336,336,336,336,336
IAH,COS,2012,2,8,8,8,8,8,8
IAH,COS,2012,3,7,7,7,7,7,7
IAH,CRP,2010,0,2777,2777,2777,2777,2777,2777
IAH,CRP,2010,1,466,466,466,466,466,466
IAH,CRP,2010,2,5,5,5,5,5,5
IAH,CRP,2010,3,33,33,33,33,33,33
IAH,CRP,2011,0,2564,2564,2564,2564,2564,2564
IAH,CRP,2011,1,560,560,560,560,560,560
IAH,CRP,2011,2,4,4,4,4,4,4
IAH,CRP,2011,3,47,47,47,47,47,47
IAH,CRP,2012,0,2160,2160,2160,2160,2160,2160
IAH,CRP,2012,1,675,675,675,675,675,675
IAH,CRP,2012,2,3,3,3,3,3,3
IAH,CRP,2012,3,38,38,38,38,38,38
IAH,CRW,2010,0,274,274,274,274,274,274
IAH,CRW,2010,1,83,83,83,83,83,83
IAH,CRW,2010,2,4,4,4,4,4,4
IAH,CRW,2010,3,3,3,3,3,3,3
IAH,CRW,2011,0,266,266,266,266,266,266
IAH,CRW,2011,1,78,78,78,78,78,78
IAH,CRW,2011,2,6,6,6,6,6,6
IAH,CRW,2011,3,7,7,7,7,7,7
IAH,CRW,2012,0,271,271,271,271,271,271
IAH,CRW,2012,1,77,77,77,77,77,77
IAH,CRW,2012,2,1,1,1,1,1,1
IAH,CRW,2012,3,9,9,9,9,9,9
IAH,CVG,2010,0,1877,1877,1877,1877,1877,1877
IAH,CVG,2010,1,465,465,465,465,465,465
IAH,CVG,2010,2,4,4,4,4,4,4
IAH,CVG,2010,3,37,37,37,37,37,37
IAH,CVG,2011,0,1172,1172,1172,1172,1172,1172
IAH,CVG,2011,1,343,343,343,343,343,343
IAH,CVG,2011,2,3,3,3,3,3,3
IAH,CVG,2011,3,17,17,17,17,17,17
IAH,CVG,2012,0,910,910,910,910,910,910
IAH,CVG,2012,1,304,304,304,304,304,304
IAH,CVG,2012,2,3,3,3,3,3,3
IAH,CVG,2012,3,8,8,8,8,8,8
IAH,DAL,2010,0,1714,1714,1714,1714,1714,1714
IAH,DAL,2010,1,460,460,460,460,460,460
IAH,DAL,2010,2,3,3,3,3,3,3
IAH,DAL,2010,3,24,24,24,24,24,24
IAH,DAL,2011,0,1209,1209,1209,1209,1209,1209
IAH,DAL,2011,1,311,311,311,311,311,311
IAH,DAL,2011,2,2,2,2,2,2,2
IAH,DAL,2011,3,55,55,55,55,55,55
IAH,DAL,2012,0,1470,1470,1470,1470,1470,1470
IAH,DAL,2012,1,394,394,394,394,394,394
IAH,DAL,2012,2,3,3,3,3,3,3
IAH,DAL,2012,3,34,34,34,34,34,34
IAH,DAY,2010,0,475,475,475,475,475,475
IAH,DAY,2010,1,221,221,221,221,221,221
IAH,DAY,2010,2,3,3,3,3,3,3
IAH,DAY,2010,3,4,4,4,4,4,4
IAH,DAY,2011,0,311,311,311,311,311,311
IAH,DAY,2011,1,133,133,133,133,133,133
IAH,DAY,2011,2,2,2,2,2,2,2
IAH,DAY,2011,3,5,5,5,5,5,5
IAH,DCA,2010,0,2247,2247,2247,2247,2247,2247
IAH,DCA,2010,1,409,409,409,409,409,409
IAH,DCA,2010,2,5,5,5,5,5,5
IAH,DCA,2010,3,41,41,41,41,41,41
IAH,DCA,2011,0,2257,2257,2257,2257,2257,2257
IAH,DCA,2011,1,395,395,395,395,395,395
IAH,DCA,2011,2,12,12,12,12,12,12
IAH,DCA,2011,3,35,35,35,35,35,35
IAH,DCA,2012,0,2170,2170,2170,2170,2170,2170
IAH,DCA,2012,1,475,475,475,475,475,475
IAH,DCA,2012,2,8,8,8,8,8,8
IAH,DCA,2012,3,40,40,40,40,40,40
IAH,DEN,2010,0,3823,3823,3823,3823,3823,3823
IAH,DEN,2010,1,706,706,706,706,706,706
IAH,DEN,2010,2,6,6,6,6,6,6
IAH,DEN,2010,3,19,19,19,19,19,19
IAH,DEN,2011,0,2762,2762,2762,2762,2762,2762
IAH,DEN,2011,1,848,848,848,848,848,848
IAH,DEN,2011,2,16,16,16,16,16,16
IAH,DEN,2011,3,19,19,19,19,19,19
IAH,DEN,2012,0,3098,3098,3098,3098,3098,3098
IAH,DEN,2012,1,709,709,709,709,709,709
IAH,DEN,2012,2,3,3,3,3,3,3
IAH,DEN,2012,3,15,15,15,15,15,15
IAH,DFW,2010,0,3859,3859,3859,3859,3859,3859
IAH,DFW,2010,1,804,804,804,804,804,804
IAH,DFW,2010,2,13,13,13,13,13,13
IAH,DFW,2010,3,57,57,57,57,57,57
IAH,DFW,2011,0,3401,3401,3401,3401,3401,3401
IAH,DFW,2011,1,742,742,742,742,742,742
IAH,DFW,2011,2,9,9,9,9,9,9
IAH,DFW,2011,3,77,77,77,77,77,77
IAH,DFW,2012,0,3766,3766,3766,3766,3766,3766
IAH,DFW,2012,1,1064,1064,1064,1064,1064,1064
IAH,DFW,2012,2,9,9,9,9,9,9
IAH,DFW,2012,3,86,86,86,86,86,86
IAH,DRT,2012,0,317,317,317,317,317,317
IAH,DRT,2012,1,48,48,48,48,48,48
IAH,DRT,2012,2,1,1,1,1,1,1
IAH,DRT,2012,3,6,6,6,6,6,6
IAH,DSM,2010,0,436,436,436,436,436,436
IAH,DSM,2010,1,240,240,240,240,240,240
IAH,DSM,2010,2,3,3,3,3,3,3
IAH,DSM,2010,3,5,5,5,5,5,5
IAH,DSM,2011,0,424,424,424,424,424,424
IAH,DSM,2011,1,210,210,210,210,210,210
IAH,DSM,2011,2,1,1,1,1,1,1
IAH,DSM,2011,3,12,12,12,12,12,12
IAH,DSM,2012,0,424,424,424,424,424,424
IAH,DSM,2012,1,181,181,181,181,181,181
IAH,DSM,2012,2,1,1,1,1,1,1
IAH,DSM,2012,3,10,10,10,10,10,10
IAH,DTW,2010,0,1735,1735,1735,1735,1735,1735
IAH,DTW,2010,1,339,339,339,339,339,339
IAH,DTW,2010,2,6,6,6,6,6,6
IAH,DTW,2010,3,15,15,15,15,15,15
IAH,DTW,2011,0,2069,2069,2069,2069,2069,2069
IAH,DTW,2011,1,488,488,488,488,488,488
IAH,DTW,2011,2,11,11,11,11,11,11
IAH,DTW,2011,3,33,33,33,33,33,33
IAH,DTW,2012,0,2186,2186,2186,2186,2186,2186
IAH,DTW,2012,1,461,461,461,461,461,461
IAH,DTW,2012,2,8,8,8,8,8,8
IAH,DTW,2012,3,22,22,22,22,22,22
IAH,EGE,2010,0,84,84,84,84,84,84
IAH,EGE,2010,1,24,24,24,24,24,24
IAH,EGE,2010,2,4,4,4,4,4,4
IAH,EGE,2010,3,1,1,1,1,1,1
IAH,EGE,2011,0,82,82,82,82,82,82
IAH,EGE,2011,1,23,23,23,23,23,23
IAH,EGE,2011,2,3,3,3,3,3,3
IAH,EGE,2011,3,2,2,2,2,2,2
IAH,EGE,2012,0,88,88,88,88,88,88
IAH,EGE,2012,1,15,15,15,15,15,15
IAH,EGE,2012,3,1,1,1,1,1,1
IAH,ELP,2010,0,1633,1633,1633,1633,1633,1633
IAH,ELP,2010,1,401,401,401,401,401,401
IAH,ELP,2010,2,5,5,5,5,5,5
IAH,ELP,2010,3,14,14,14,14,14,14
IAH,ELP,2011,0,1561,1561,1561,1561,1561,1561
IAH,ELP,2011,1,445,445,445,445,445,445
IAH,ELP,2011,2,2,2,2,2,2,2
IAH,ELP,2011,3,19,19,19,19,19,19
IAH,ELP,2012,0,1492,1492,1492,1492,1492,1492
IAH,ELP,2012,1,482,482,482,482,482,482
IAH,ELP,2012,2,2,2,2,2,2,2
IAH,ELP,2012,3,16,16,16,16,16,16
IAH,EWR,2010,0,3101,3101,3101,3101,3101,3101
IAH,EWR,2010,1,770,770,770,770,770,770
IAH,EWR,2010,2,21,21,21,21,21,21
IAH,EWR,2010,3,43,43,43,43,43,43
IAH,EWR,2011,0,2979,2979,2979,2979,2979,2979
IAH,EWR,2011,1,854,854,854,854,854,854
IAH,EWR,2011,2,26,26,26,26,26,26
IAH,EWR,2011,3,65,65,65,65,65,65
IAH,EWR,2012,0,3022,3022,3022,3022,3022,3022
IAH,EWR,2012,1,871,871,871,871,871,871
IAH,EWR,2012,2,10,10,10,10,10,10
IAH,EWR,2012,3,50,50,50,50,50,50
IAH,FLL,2010,0,1462,1462,1462,1462,1462,1462
IAH,FLL,2010,1,284,284,284,284,284,284
IAH,FLL,2010,2,2,2,2,2,2,2
IAH,FLL,2011,0,1408,1408,1408,1408,1408,1408
IAH,FLL,2011,1,321,321,321,321,321,321
IAH,FLL,2011,2,2,2,2,2,2,2
IAH,FLL,2011,3,5,5,5,5,5,5
IAH,FLL,2012,0,1441,1441,1441,1441,1441,1441
IAH,FLL,2012,1,292,292,292,292,292,292
IAH,FLL,2012,2,6,6,6,6,6,6
IAH,FLL,2012,3,3,3,3,3,3,3
IAH,GJT,2011,0,328,328,328,328,328,328
IAH,GJT,2011,1,72,72,72,72,72,72
IAH,GJT,2011,2,1,1,1,1,1,1
IAH,GJT,2011,3,2,2,2,2,2,2
IAH,GJT,2012,0,379,379,379,379,379,379
IAH,GJT,2012,1,94,94,94,94,94,94
IAH,GJT,2012,2,3,3,3,3,3,3
IAH,GJT,2012,3,3,3,3,3,3,3
IAH,GPT,2010,0,1290,1290,1290,1290,1290,1290
IAH,GPT,2010,1,314,314,314,314,314,314
IAH,GPT,2010,2,6,6,6,6,6,6
IAH,GPT,2010,3,21,21,21,21,21,21
IAH,GPT,2011,0,1295,1295,1295,1295,1295,1295
IAH,GPT,2011,1,284,284,284,284,284,284
IAH,GPT,2011,2,7,7,7,7,7,7
IAH,GPT,2011,3,32,32,32,32,32,32
IAH,GPT,2012,0,1133,1133,1133,1133,1133,1133
IAH,GPT,2012,1,410,410,410,410,410,410
IAH,GPT,2012,2,6,6,6,6,6,6
IAH,GPT,2012,3,41,41,41,41,41,41
IAH,GRK,2010,0,118,118,118,118,118,118
IAH,GRK,2010,1,7,7,7,7,7,7
IAH,GRK,2010,3,1,1,1,1,1,1
IAH,GRK,2011,0,38,38,38,38,38,38
IAH,GRK,2011,1,2,2,2,2,2,2
IAH,GRK,2011,3,2,2,2,2,2,2
IAH,GRK,2012,0,613,613,613,613,613,613
IAH,GRK,2012,1,96,96,96,96,96,96
IAH,GRK,2012,2,1,1,1,1,1,1
IAH,GRK,2012,3,6,6,6,6,6,6
IAH,GRR,2010,0,511,511,511,511,511,511
IAH,GRR,2010,1,192,192,192,192,192,192
IAH,GRR,2010,2,2,2,2,2,2,2
IAH,GRR,2010,3,2,2,2,2,2,2
IAH,GRR,2011,0,477,477,477,477,477,477
IAH,GRR,2011,1,188,188,188,188,188,188
IAH,GRR,2011,2,7,7,7,7,7,7
IAH,GRR,2011,3,5,5,5,5,5,5
IAH,GRR,2012,0,303,303,303,303,303,303
IAH,GRR,2012,1,114,114,114,114,114,114
IAH,GRR,2012,2,1,1,1,1,1,1
IAH,GSO,2010,0,528,528,528,528,528,528
IAH,GSO,2010,1,147,147,147,147,147,147
IAH,GSO,2010,2,2,2,2,2,2,2
IAH,GSO,2010,3,3,3,3,3,3,3
IAH,GSO,2011,0,484,484,484,484,484,484
IAH,GSO,2011,1,135,135,135,135,135,135
IAH,GSO,2011,2,5,5,5,5,5,5
IAH,GSO,2011,3,6,6,6,6,6,6
IAH,GSO,2012,0,200,200,200,200,200,200
IAH,GSO,2012,1,69,69,69,69,69,69
IAH,GSO,2012,2,1,1,1,1,1,1
IAH,GSO,2012,3,3,3,3,3,3,3
IAH,GSP,2010,0,658,658,658,658,658,658
IAH,GSP,2010,1,179,179,179,179,179,179
IAH,GSP,2010,2,1,1,1,1,1,1
IAH,GSP,2010,3,3,3,3,3,3,3
IAH,GSP,2011,0,619,619,619,619,619,619
IAH,GSP,2011,1,199,199,199,199,199,199
IAH,GSP,2011,2,4,4,4,4,4,4
IAH,GSP,2011,3,7,7,7,7,7,7
IAH,GSP,2012,0,470,470,470,470,470,470
IAH,GSP,2012,1,171,171,171,171,171,171
IAH,GSP,2012,2,4,4,4,4,4,4
IAH,GSP,2012,3,2,2,2,2,2,2
IAH,GUC,2010,0,8,8,8,8,8,8
IAH,GUC,2010,1,6,6,6,6,6,6
IAH,GUC,2010,2,2,2,2,2,2,2
IAH,GUC,2011,0,71,71,71,71,71,71
IAH,GUC,2011,1,14,14,14,14,14,14
IAH,GUC,2011,2,1,1,1,1,1,1
IAH,GUC,2012,0,20,20,20,20,20,20
IAH,GUC,2012,1,5,5,5,5,5,5
IAH,GUC,2012,2,1,1,1,1,1,1
IAH,GUC,2012,3,2,2,2,2,2,2
IAH,HDN,2010,0,103,103,103,103,103,103
IAH,HDN,2010,1,13,13,13,13,13,13
IAH,HDN,2010,2,2,2,2,2,2,2
IAH,HDN,2011,0,91,91,91,91,91,91
IAH,HDN,2011,1,13,13,13,13,13,13
IAH,HDN,2011,2,5,5,5,5,5,5
IAH,HDN,2011,3,1,1,1,1,1,1
IAH,HDN,2012,0,84,84,84,84,84,84
IAH,HDN,2012,1,18,18,18,18,18,18
IAH,HDN,2012,2,2,2,2,2,2,2
IAH,HNL,2010,0,454,454,454,454,454,454
IAH,HNL,2010,1,154,154,154,154,154,154
IAH,HNL,2010,3,2,2,2,2,2,2
IAH,HNL,2011,0,320,320,320,320,320,320
IAH,HNL,2011,1,79,79,79,79,79,79
IAH,HNL,2011,2,2,2,2,2,2,2
IAH,HNL,2011,3,1,1,1,1,1,1
IAH,HNL,2012,0,297,297,297,297,297,297
IAH,HNL,2012,1,67,67,67,67,67,67
IAH,HNL,2012,3,1,1,1,1,1,1
IAH,HOB,2011,0,240,240,240,240,240,240
IAH,HOB,2011,1,55,55,55,55,55,55
IAH,HOB,2011,2,4,4,4,4,4,4
IAH,HOB,2011,3,10,10,10,10,10,10
IAH,HOB,2012,0,394,394,394,394,394,394
IAH,HOB,2012,1,193,193,193,193,193,193
IAH,HOB,2012,2,2,2,2,2,2,2
IAH,HOB,2012,3,10,10,10,10,10,10
IAH,HRL,2010,0,1404,1404,1404,1404,1404,1404
IAH,HRL,2010,1,259,259,259,259,259,259
IAH,HRL,2010,2,1,1,1,1,1,1
IAH,HRL,2010,3,22,22,22,22,22,22
IAH,HRL,2011,0,1342,1342,1342,1342,1342,1342
IAH,HRL,2011,1,292,292,292,292,292,292
IAH,HRL,2011,2,5,5,5,5,5,5
IAH,HRL,2011,3,35,35,35,35,35,35
IAH,HRL,2012,0,1090,1090,1090,1090,1090,1090
IAH,HRL,2012,1,389,389,389,389,389,389
IAH,HRL,2012,2,2,2,2,2,2,2
IAH,HRL,2012,3,27,27,27,27,27,27
IAH,HSV,2010,0,731,731,731,731,731,731
IAH,HSV,2010,1,181,181,181,181,181,181
IAH,HSV,2010,2,4,4,4,4,4,4
IAH,HSV,2010,3,10,10,10,10,10,10
IAH,HSV,2011,0,694,694,694,694,694,694
IAH,HSV,2011,1,216,216,216,216,216,216
IAH,HSV,2011,2,1,1,1,1,1,1
IAH,HSV,2011,3,12,12,12,12,12,12
IAH,HSV,2012,0,695,695,695,695,695,695
IAH,HSV,2012,1,287,287,287,287,287,287
IAH,HSV,2012,2,3,3,3,3,3,3
IAH,HSV,2012,3,12,12,12,12,12,12
IAH,IAD,2010,0,1285,1285,1285,1285,1285,1285
IAH,IAD,2010,1,357,357,357,357,357,357
IAH,IAD,2010,2,6,6,6,6,6,6
IAH,IAD,2010,3,27,27,27,27,27,27
IAH,IAD,2011,0,1498,1498,1498,1498,1498,1498
IAH,IAD,2011,1,454,454,454,454,454,454
IAH,IAD,2011,2,6,6,6,6,6,6
IAH,IAD,2011,3,22,22,22,22,22,22
IAH,IAD,2012,0,1416,1416,1416,1416,1416,1416
IAH,IAD,2012,1,462,462,462,462,462,462
IAH,IAD,2012,2,6,6,6,6,6,6
IAH,IAD,2012,3,21,21,21,21,21,21
IAH,ICT,2010,0,1236,1236,1236,1236,1236,1236
IAH,ICT,2010,1,272,272,272,272,272,272
IAH,ICT,2010,2,7,7,7,7,7,7
IAH,ICT,2010,3,12,12,12,12,12,12
IAH,ICT,2011,0,1182,1182,1182,1182,1182,1182
IAH,ICT,2011,1,294,294,294,294,294,294
IAH,ICT,2011,2,8,8,8,8,8,8
IAH,ICT,2011,3,33,33,33,33,33,33
IAH,ICT,2012,0,1110,1110,1110,1110,1110,1110
IAH,ICT,2012,1,426,426,426,426,426,426
IAH,ICT,2012,2,2,2,2,2,2,2
IAH,ICT,2012,3,18,18,18,18,18,18
IAH,IND,2010,0,1425,1425,1425,1425,1425,1425
IAH,IND,2010,1,308,308,308,308,308,308
IAH,IND,2010,2,5,5,5,5,5,5
IAH,IND,2010,3,3,3,3,3,3,3
IAH,IND,2011,0,1354,1354,1354,1354,1354,1354
IAH,IND,2011,1,366,366,366,366,366,366
IAH,IND,2011,2,6,6,6,6,6,6
IAH,IND,2011,3,24,24,24,24,24,24
IAH,IND,2012,0,1349,1349,1349,1349,1349,1349
IAH,IND,2012,1,351,351,351,351,351,351
IAH,IND,2012,2,3,3,3,3,3,3
IAH,IND,2012,3,6,6,6,6,6,6
IAH,JAC,2012,0,13,13,13,13,13,13
IAH,JAC,2012,1,9,9,9,9,9,9
IAH,JAC,2012,2,1,1,1,1,1,1
IAH,JAC,2012,3,1,1,1,1,1,1
IAH,JAN,2010,0,1325,1325,1325,1325,1325,1325
IAH,JAN,2010,1,287,287,287,287,287,287
IAH,JAN,2010,2,6,6,6,6,6,6
IAH,JAN,2010,3,19,19,19,19,19,19
IAH,JAN,2011,0,775,775,775,775,775,775
IAH,JAN,2011,1,193,193,193,193,193,193
IAH,JAN,2011,2,4,4,4,4,4,4
IAH,JAN,2011,3,23,23,23,23,23,23
IAH,JAN,2012,0,899,899,899,899,899,899
IAH,JAN,2012,1,317,317,317,317,317,317
IAH,JAN,2012,2,7,7,7,7,7,7
IAH,JAN,2012,3,25,25,25,25,25,25
IAH,JAX,2010,0,1530,1530,1530,1530,1530,1530
IAH,JAX,2010,1,381,381,381,381,381,381
IAH,JAX,2010,2,3,3,3,3,3,3
IAH,JAX,2010,3,7,7,7,7,7,7
IAH,JAX,2011,0,1340,1340,1340,1340,1340,1340
IAH,JAX,2011,1,414,414,414,414,414,414
IAH,JAX,2011,2,5,5,5,5,5,5
IAH,JAX,2011,3,11,11,11,11,11,11
IAH,JAX,2012,0,963,963,963,963,963,963
IAH,JAX,2012,1,345,345,345,345,345,345
IAH,JAX,2012,2,3,3,3,3,3,3
IAH,JAX,2012,3,5,5,5,5,5,5
IAH,JFK,2010,0,212,212,212,212,212,212
IAH,JFK,2010,1,45,45,45,45,45,45
IAH,JFK,2010,3,18,18,18,18,18,18
IAH,LAS,2010,0,2214,2214,2214,2214,2214,2214
IAH,LAS,2010,1,354,354,354,354,354,354
IAH,LAS,2010,2,2,2,2,2,2,2
IAH,LAS,2010,3,2,2,2,2,2,2
IAH,LAS,2011,0,2097,2097,2097,2097,2097,2097
IAH,LAS,2011,1,432,432,432,432,432,432
IAH,LAS,2011,2,2,2,2,2,2,2
IAH,LAS,2011,3,8,8,8,8,8,8
IAH,LAS,2012,0,2139,2139,2139,2139,2139,2139
IAH,LAS,2012,1,446,446,446,446,446,446
IAH,LAS,2012,2,7,7,7,7,7,7
IAH,LAS,2012,3,7,7,7,7,7,7
IAH,LAX,2010,0,2617,2617,2617,2617,2617,2617
IAH,LAX,2010,1,1050,1050,1050,1050,1050,1050
IAH,LAX,2010,2,1,1,1,1,1,1
IAH,LAX,2010,3,4,4,4,4,4,4
IAH,LAX,2011,0,3442,3442,3442,3442,3442,3442
IAH,LAX,2011,1,1193,1193,1193,1193,1193,1193
IAH,LAX,2011,2,7,7,7,7,7,7
IAH,LAX,2011,3,26,26,26,26,26,26
IAH,LAX,2012,0,3955,3955,3955,3955,3955,3955
IAH,LAX,2012,1,1152,1152,1152,1152,1152,1152
IAH,LAX,2012,2,9,9,9,9,9,9
IAH,LAX,2012,3,27,27,27,27,27,27
IAH,LBB,2010,0,1111,1111,1111,1111,1111,1111
IAH,LBB,2010,1,231,231,231,231,231,231
IAH,LBB,2010,2,13,13,13,13,13,13
IAH,LBB,2010,3,33,33,33,33,33,33
IAH,LBB,2011,0,1066,1066,1066,1066,1066,1066
IAH,LBB,2011,1,239,239,239,239,239,239
IAH,LBB,2011,2,4,4,4,4,4,4
IAH,LBB,2011,3,24,24,24,24,24,24
IAH,LBB,2012,0,852,852,852,852,852,852
IAH,LBB,2012,1,298,298,298,298,298,298
IAH,LBB,2012,2,7,7,7,7,7,7
IAH,LBB,2012,3,22,22,22,22,22,22
IAH,LCH,2010,0,246,246,246,246,246,246
IAH,LCH,2010,1,34,34,34,34,34,34
IAH,LCH,2010,3,4,4,4,4,4,4
IAH,LCH,2011,0,300,300,300,300,300,300
IAH,LCH,2011,1,52,52,52,52,52,52
IAH,LCH,2011,3,12,12,12,12,12,12
IAH,LCH,2012,0,760,760,760,760,760,760
IAH,LCH,2012,1,148,148,148,148,148,148
IAH,LCH,2012,2,1,1,1,1,1,1
IAH,LCH,2012,3,26,26,26,26,26,26
IAH,LEX,2010,0,482,482,482,482,482,482
IAH,LEX,2010,1,191,191,191,191,191,191
IAH,LEX,2010,2,4,4,4,4,4,4
IAH,LEX,2010,3,8,8,8,8,8,8
IAH,LEX,2011,0,435,435,435,435,435,435
IAH,LEX,2011,1,141,141,141,141,141,141
IAH,LEX,2011,2,2,2,2,2,2,2
IAH,LEX,2011,3,6,6,6,6,6,6
IAH,LEX,2012,0,271,271,271,271,271,271
IAH,LEX,2012,1,91,91,91,91,91,91
IAH,LEX,2012,2,1,1,1,1,1,1
IAH,LEX,2012,3,2,2,2,2,2,2
IAH,LFT,2010,0,1874,1874,1874,1874,1874,1874
IAH,LFT,2010,1,417,417,417,417,417,417
IAH,LFT,2010,2,8,8,8,8,8,8
IAH,LFT,2010,3,26,26,26,26,26,26
IAH,LFT,2011,0,1877,1877,1877,1877,1877,1877
IAH,LFT,2011,1,366,366,366,366,366,366
IAH,LFT,2011,2,14,14,14,14,14,14
IAH,LFT,2011,3,56,56,56,56,56,56
IAH,LFT,2012,0,1729,1729,1729,1729,1729,1729
IAH,LFT,2012,1,523,523,523,523,523,523
IAH,LFT,2012,2,17,17,17,17,17,17
IAH,LFT,2012,3,86,86,86,86,86,86
IAH,LGA,2010,0,2079,2079,2079,2079,2079,2079
IAH,LGA,2010,1,593,593,593,593,593,593
IAH,LGA,2010,2,21,21,21,21,21,21
IAH,LGA,2010,3,39,39,39,39,39,39
IAH,LGA,2011,0,1951,1951,1951,1951,1951,1951
IAH,LGA,2011,1,708,708,708,708,708,708
IAH,LGA,2011,2,22,22,22,22,22,22
IAH,LGA,2011,3,49,49,49,49,49,49
IAH,LGA,2012,0,2191,2191,2191,2191,2191,2191
IAH,LGA,2012,1,644,644,644,644,644,644
IAH,LGA,2012,2,15,15,15,15,15,15
IAH,LGA,2012,3,65,65,65,65,65,65
IAH,LIT,2010,0,1621,1621,1621,1621,1621,1621
IAH,LIT,2010,1,355,355,355,355,355,355
IAH,LIT,2010,2,6,6,6,6,6,6
IAH,LIT,2010,3,29,29,29,29,29,29
IAH,LIT,2011,0,952,952,952,952,952,952
IAH,LIT,2011,1,239,239,239,239,239,239
IAH,LIT,2011,2,1,1,1,1,1,1
IAH,LIT,2011,3,22,22,22,22,22,22
IAH,LIT,2012,0,1033,1033,1033,1033,1033,1033
IAH,LIT,2012,1,367,367,367,367,367,367
IAH,LIT,2012,2,3,3,3,3,3,3
IAH,LIT,2012,3,22,22,22,22,22,22
IAH,LRD,2010,0,935,935,935,935,935,935
IAH,LRD,2010,1,263,263,263,263,263,263
IAH,LRD,2010,2,1,1,1,1,1,1
IAH,LRD,2010,3,9,9,9,9,9,9
IAH,LRD,2011,0,946,946,946,946,946,946
IAH,LRD,2011,1,216,216,216,216,216,216
IAH,LRD,2011,2,6,6,6,6,6,6
IAH,LRD,2011,3,20,20,20,20,20,20
IAH,LRD,2012,0,780,780,780,780,780,780
IAH,LRD,2012,1,235,235,235,235,235,235
IAH,LRD,2012,2,4,4,4,4,4,4
IAH,LRD,2012,3,18,18,18,18,18,18
IAH,MAF,2010,0,1705,1705,1705,1705,1705,1705
IAH,MAF,2010,1,363,363,363,363,363,363
IAH,MAF,2010,2,9,9,9,9,9,9
IAH,MAF,2010,3,26,26,26,26,26,26
IAH,MAF,2011,0,1235,1235,1235,1235,1235,1235
IAH,MAF,2011,1,386,386,386,386,386,386
IAH,MAF,2011,2,3,3,3,3,3,3
IAH,MAF,2011,3,41,41,41,41,41,41
IAH,MAF,2012,0,1599,1599,1599,1599,1599,1599
IAH,MAF,2012,1,447,447,447,447,447,447
IAH,MAF,2012,2,4,4,4,4,4,4
IAH,MAF,2012,3,36,36,36,36,36,36
IAH,MCI,2010,0,2499,2499,2499,2499,2499,2499
IAH,MCI,2010,1,721,721,721,721,721,721
IAH,MCI,2010,2,23,23,23,23,23,23
IAH,MCI,2010,3,18,18,18,18,18,18
IAH,MCI,2011,0,2403,2403,2403,2403,2403,2403
IAH,MCI,2011,1,717,717,717,717,717,717
IAH,MCI,2011,2,12,12,12,12,12,12
IAH,MCI,2011,3,41,41,41,41,41,41
IAH,MCI,2012,0,2045,2045,2045,2045,2045,2045
IAH,MCI,2012,1,751,751,751,751,751,751
IAH,MCI,2012,2,8,8,8,8,8,8
IAH,MCI,2012,3,26,26,26,26,26,26
IAH,MCO,2010,0,1781,1781,1781,1781,1781,1781
IAH,MCO,2010,1,403,403,403,403,403,403
IAH,MCO,2010,2,3,3,3,3,3,3
IAH,MCO,2010,3,2,2,2,2,2,2
IAH,MCO,2011,0,1697,1697,1697,1697,1697,1697
IAH,MCO,2011,1,433,433,433,433,433,433
IAH,MCO,2011,2,3,3,3,3,3,3
IAH,MCO,2011,3,10,10,10,10,10,10
IAH,MCO,2012,0,1718,1718,1718,1718,1718,1718
IAH,MCO,2012,1,401,401,401,401,401,401
IAH,MCO,2012,2,6,6,6,6,6,6
IAH,MCO,2012,3,2,2,2,2,2,2
IAH,MEM,2010,0,2312,2312,2312,2312,2312,2312
IAH,MEM,2010,1,454,454,454,454,454,454
IAH,MEM,2010,2,6,6,6,6,6,6
IAH,MEM,2010,3,40,40,40,40,40,40
IAH,MEM,2011,0,1901,1901,1901,1901,1901,1901
IAH,MEM,2011,1,449,449,449,449,449,449
IAH,MEM,2011,2,2,2,2,2,2,2
IAH,MEM,2011,3,47,47,47,47,47,47
IAH,MEM,2012,0,1819,1819,1819,1819,1819,1819
IAH,MEM,2012,1,499,499,499,499,499,499
IAH,MEM,2012,2,5,5,5,5,5,5
IAH,MEM,2012,3,37,37,37,37,37,37
IAH,MFE,2010,0,1711,1711,1711,1711,1711,1711
IAH,MFE,2010,1,403,403,403,403,403,403
IAH,MFE,2010,2,3,3,3,3,3,3
IAH,MFE,2010,3,13,13,13,13,13,13
IAH,MFE,2011,0,912,912,912,912,912,912
IAH,MFE,2011,1,204,204,204,204,204,204
IAH,MFE,2011,3,12,12,12,12,12,12
IAH,MFE,2012,0,1432,1432,1432,1432,1432,1432
IAH,MFE,2012,1,431,431,431,431,431,431
IAH,MFE,2012,2,4,4,4,4,4,4
IAH,MFE,2012,3,21,21,21,21,21,21
IAH,MIA,2010,0,2157,2157,2157,2157,2157,2157
IAH,MIA,2010,1,294,294,294,294,294,294
IAH,MIA,2010,2,7,7,7,7,7,7
IAH,MIA,2010,3,31,31,31,31,31,31
IAH,MIA,2011,0,2117,2117,2117,2117,2117,2117
IAH,MIA,2011,1,310,310,310,310,310,310
IAH,MIA,2011,2,12,12,12,12,12,12
IAH,MIA,2011,3,24,24,24,24,24,24
IAH,MIA,2012,0,2311,2311,2311,2311,2311,2311
IAH,MIA,2012,1,458,458,458,458,458,458
IAH,MIA,2012,2,6,6,6,6,6,6
IAH,MIA,2012,3,30,30,30,30,30,30
IAH,MKE,2010,0,1188,1188,1188,1188,1188,1188
IAH,MKE,2010,1,400,400,400,400,400,400
IAH,MKE,2010,2,9,9,9,9,9,9
IAH,MKE,2010,3,5,5,5,5,5,5
IAH,MKE,2011,0,1153,1153,1153,1153,1153,1153
IAH,MKE,2011,1,405,405,405,405,405,405
IAH,MKE,2011,2,10,10,10,10,10,10
IAH,MKE,2011,3,20,20,20,20,20,20
IAH,MKE,2012,0,875,875,875,875,875,875
IAH,MKE,2012,1,318,318,318,318,318,318
IAH,MKE,2012,2,6,6,6,6,6,6
IAH,MKE,2012,3,6,6,6,6,6,6
IAH,MLU,2010,0,189,189,189,189,189,189
IAH,MLU,2010,1,40,40,40,40,40,40
IAH,MLU,2010,2,2,2,2,2,2,2
IAH,MLU,2010,3,1,1,1,1,1,1
IAH,MLU,2011,0,242,242,242,242,242,242
IAH,MLU,2011,1,46,46,46,46,46,46
IAH,MLU,2011,3,4,4,4,4,4,4
IAH,MLU,2012,0,517,517,517,517,517,517
IAH,MLU,2012,1,143,143,143,143,143,143
IAH,MLU,2012,2,6,6,6,6,6,6
IAH,MLU,2012,3,18,18,18,18,18,18
IAH,MOB,2010,0,1399,1399,1399,1399,1399,1399
IAH,MOB,2010,1,292,292,292,292,292,292
IAH,MOB,2010,2,2,2,2,2,2,2
IAH,MOB,2010,3,16,16,16,16,16,16
IAH,MOB,2011,0,1323,1323,1323,1323,1323,1323
IAH,MOB,2011,1,316,316,316,316,316,316
IAH,MOB,2011,2,2,2,2,2,2,2
IAH,MOB,2011,3,33,33,33,33,33,33
IAH,MOB,2012,0,1234,1234,1234,1234,1234,1234
IAH,MOB,2012,1,426,426,426,426,426,426
IAH,MOB,2012,2,6,6,6,6,6,6
IAH,MOB,2012,3,39,39,39,39,39,39
IAH,MSP,2010,0,1670,1670,1670,1670,1670,1670
IAH,MSP,2010,1,530,530,530,530,530,530
IAH,MSP,2010,2,11,11,11,11,11,11
IAH,MSP,2010,3,26,26,26,26,26,26
IAH,MSP,2011,0,1559,1559,1559,1559,1559,1559
IAH,MSP,2011,1,421,421,421,421,421,421
IAH,MSP,2011,2,6,6,6,6,6,6
IAH,MSP,2011,3,24,24,24,24,24,24
IAH,MSP,2012,0,1659,1659,1659,1659,1659,1659
IAH,MSP,2012,1,464,464,464,464,464,464
IAH,MSP,2012,2,5,5,5,5,5,5
IAH,MSP,2012,3,16,16,16,16,16,16
IAH,MSY,2010,0,3327,3327,3327,3327,3327,3327
IAH,MSY,2010,1,598,598,598,598,598,598
IAH,MSY,2010,2,3,3,3,3,3,3
IAH,MSY,2010,3,15,15,15,15,15,15
IAH,MSY,2011,0,2907,2907,2907,2907,2907,2907
IAH,MSY,2011,1,531,531,531,531,531,531
IAH,MSY,2011,2,2,2,2,2,2,2
IAH,MSY,2011,3,21,21,21,21,21,21
IAH,MSY,2012,0,2833,2833,2833,2833,2833,2833
IAH,MSY,2012,1,612,612,612,612,612,612
IAH,MSY,2012,2,3,3,3,3,3,3
IAH,MSY,2012,3,53,53,53,53,53,53
IAH,MTJ,2010,0,216,216,216,216,216,216
IAH,MTJ,2010,1,30,30,30,30,30,30
IAH,MTJ,2010,3,1,1,1,1,1,1
IAH,MTJ,2011,0,139,139,139,139,139,139
IAH,MTJ,2011,1,23,23,23,23,23,23
IAH,MTJ,2011,2,1,1,1,1,1,1
IAH,MTJ,2011,3,1,1,1,1,1,1
IAH,MTJ,2012,0,88,88,88,88,88,88
IAH,MTJ,2012,1,15,15,15,15,15,15
IAH,MYR,2012,0,1,1,1,1,1,1
IAH,OKC,2010,0,2091,2091,2091,2091,2091,2091
IAH,OKC,2010,1,467,467,467,467,467,467
IAH,OKC,2010,2,5,5,5,5,5,5
IAH,OKC,2010,3,38,38,38,38,38,38
IAH,OKC,2011,0,1470,1470,1470,1470,1470,1470
IAH,OKC,2011,1,373,373,373,373,373,373
IAH,OKC,2011,2,4,4,4,4,4,4
IAH,OKC,2011,3,42,42,42,42,42,42
IAH,OKC,2012,0,1298,1298,1298,1298,1298,1298
IAH,OKC,2012,1,409,409,409,409,409,409
IAH,OKC,2012,2,6,6,6,6,6,6
IAH,OKC,2012,3,21,21,21,21,21,21
IAH,OMA,2010,0,1631,1631,1631,1631,1631,1631
IAH,OMA,2010,1,429,429,429,429,429,429
IAH,OMA,2010,2,4,4,4,4,4,4
IAH,OMA,2010,3,5,5,5,5,5,5
IAH,OMA,2011,0,1602,1602,1602,1602,1602,1602
IAH,OMA,2011,1,418,418,418,418,418,418
IAH,OMA,2011,2,5,5,5,5,5,5
IAH,OMA,2011,3,19,19,19,19,19,19
IAH,OMA,2012,0,1433,1433,1433,1433,1433,1433
IAH,OMA,2012,1,386,386,386,386,386,386
IAH,OMA,2012,2,4,4,4,4,4,4
IAH,OMA,2012,3,11,11,11,11,11,11
IAH,ONT,2010,0,831,831,831,831,831,831
IAH,ONT,2010,1,164,164,164,164,164,164
IAH,ONT,2010,3,1,1,1,1,1,1
IAH,ONT,2011,0,793,793,793,793,793,793
IAH,ONT,2011,1,155,155,155,155,155,155
IAH,ONT,2011,2,2,2,2,2,2,2
IAH,ONT,2011,3,2,2,2,2,2,2
IAH,ONT,2012,0,676,676,676,676,676,676
IAH,ONT,2012,1,137,137,137,137,137,137
IAH,ONT,2012,2,2,2,2,2,2,2
IAH,ONT,2012,3,1,1,1,1,1,1
IAH,ORD,2010,0,4190,4190,4190,4190,4190,4190
IAH,ORD,2010,1,1321,1321,1321,1321,1321,1321
IAH,ORD,2010,2,21,21,21,21,21,21
IAH,ORD,2010,3,55,55,55,55,55,55
IAH,ORD,2011,0,4198,4198,4198,4198,4198,4198
IAH,ORD,2011,1,1436,1436,1436,1436,1436,1436
IAH,ORD,2011,2,15,15,15,15,15,15
IAH,ORD,2011,3,99,99,99,99,99,99
IAH,ORD,2012,0,4241,4241,4241,4241,4241,4241
IAH,ORD,2012,1,1294,1294,1294,1294,1294,1294
IAH,ORD,2012,2,8,8,8,8,8,8
IAH,ORD,2012,3,65,65,65,65,65,65
IAH,ORF,2010,0,529,529,529,529,529,529
IAH,ORF,2010,1,187,187,187,187,187,187
IAH,ORF,2010,2,1,1,1,1,1,1
IAH,ORF,2010,3,10,10,10,10,10,10
IAH,ORF,2011,0,541,541,541,541,541,541
IAH,ORF,2011,1,169,169,169,169,169,169
IAH,ORF,2011,2,1,1,1,1,1,1
IAH,ORF,2011,3,6,6,6,6,6,6
IAH,ORF,2012,0,289,289,289,289,289,289
IAH,ORF,2012,1,155,155,155,155,155,155
IAH,ORF,2012,2,2,2,2,2,2,2
IAH,ORF,2012,3,3,3,3,3,3,3
IAH,PBI,2010,0,1108,1108,1108,1108,1108,1108
IAH,PBI,2010,1,217,217,217,217,217,217
IAH,PBI,2010,2,5,5,5,5,5,5
IAH,PBI,2010,3,2,2,2,2,2,2
IAH,PBI,2011,0,1004,1004,1004,1004,1004,1004
IAH,PBI,2011,1,236,236,236,236,236,236
IAH,PBI,2011,2,2,2,2,2,2,2
IAH,PBI,2011,3,11,11,11,11,11,11
IAH,PBI,2012,0,594,594,594,594,594,594
IAH,PBI,2012,1,173,173,173,173,173,173
IAH,PBI,2012,2,2,2,2,2,2,2
IAH,PBI,2012,3,7,7,7,7,7,7
IAH,PDX,2010,0,1006,1006,1006,1006,1006,1006
IAH,PDX,2010,1,254,254,254,254,254,254
IAH,PDX,2010,2,3,3,3,3,3,3
IAH,PDX,2010,3,1,1,1,1,1,1
IAH,PDX,2011,0,869,869,869,869,869,869
IAH,PDX,2011,1,361,361,361,361,361,361
IAH,PDX,2011,2,2,2,2,2,2,2
IAH,PDX,2011,3,3,3,3,3,3,3
IAH,PDX,2012,0,875,875,875,875,875,875
IAH,PDX,2012,1,275,275,275,275,275,275
IAH,PDX,2012,2,5,5,5,5,5,5
IAH,PDX,2012,3,3,3,3,3,3,3
IAH,PHL,2010,0,1241,1241,1241,1241,1241,1241
IAH,PHL,2010,1,368,368,368,368,368,368
IAH,PHL,2010,2,8,8,8,8,8,8
IAH,PHL,2010,3,17,17,17,17,17,17
IAH,PHL,2011,0,1499,1499,1499,1499,1499,1499
IAH,PHL,2011,1,400,400,400,400,400,400
IAH,PHL,2011,2,7,7,7,7,7,7
IAH,PHL,2011,3,24,24,24,24,24,24
IAH,PHL,2012,0,2206,2206,2206,2206,2206,2206
IAH,PHL,2012,1,541,541,541,541,541,541
IAH,PHL,2012,2,4,4,4,4,4,4
IAH,PHL,2012,3,43,43,43,43,43,43
IAH,PHX,2010,0,3136,3136,3136,3136,3136,3136
IAH,PHX,2010,1,550,550,550,550,550,550
IAH,PHX,2010,2,7,7,7,7,7,7
IAH,PHX,2010,3,15,15,15,15,15,15
IAH,PHX,2011,0,3145,3145,3145,3145,3145,3145
IAH,PHX,2011,1,551,551,551,551,551,551
IAH,PHX,2011,2,6,6,6,6,6,6
IAH,PHX,2011,3,25,25,25,25,25,25
IAH,PHX,2012,0,2804,2804,2804,2804,2804,2804
IAH,PHX,2012,1,529,529,529,529,529,529
IAH,PHX,2012,2,3,3,3,3,3,3
IAH,PHX,2012,3,14,14,14,14,14,14
IAH,PIT,2010,0,1299,1299,1299,1299,1299,1299
IAH,PIT,2010,1,354,354,354,354,354,354
IAH,PIT,2010,2,4,4,4,4,4,4
IAH,PIT,2010,3,15,15,15,15,15,15
IAH,PIT,2011,0,1385,1385,1385,1385,1385,1385
IAH,PIT,2011,1,263,263,263,263,263,263
IAH,PIT,2011,2,4,4,4,4,4,4
IAH,PIT,2011,3,12,12,12,12,12,12
IAH,PIT,2012,0,1307,1307,1307,1307,1307,1307
IAH,PIT,2012,1,347,347,347,347,347,347
IAH,PIT,2012,2,4,4,4,4,4,4
IAH,PIT,2012,3,8,8,8,8,8,8
IAH,PNS,2010,0,1336,1336,1336,1336,1336,1336
IAH,PNS,2010,1,266,266,266,266,266,266
IAH,PNS,2010,2,3,3,3,3,3,3
IAH,PNS,2010,3,9,9,9,9,9,9
IAH,PNS,2011,0,1184,1184,1184,1184,1184,1184
IAH,PNS,2011,1,326,326,326,326,326,326
IAH,PNS,2011,2,6,6,6,6,6,6
IAH,PNS,2011,3,23,23,23,23,23,23
IAH,PNS,2012,0,1052,1052,1052,1052,1052,1052
IAH,PNS,2012,1,456,456,456,456,456,456
IAH,PNS,2012,2,9,9,9,9,9,9
IAH,PNS,2012,3,30,30,30,30,30,30
IAH,PSP,2011,0,78,78,78,78,78,78
IAH,PSP,2011,1,28,28,28,28,28,28
IAH,PSP,2012,0,218,218,218,218,218,218
IAH,PSP,2012,1,82,82,82,82,82,82
IAH,PSP,2012,2,1,1,1,1,1,1
IAH,RAP,2012,0,71,71,71,71,71,71
IAH,RAP,2012,1,11,11,11,11,11,11
IAH,RDU,2010,0,1410,1410,1410,1410,1410,1410
IAH,RDU,2010,1,347,347,347,347,347,347
IAH,RDU,2010,2,3,3,3,3,3,3
IAH,RDU,2010,3,5,5,5,5,5,5
IAH,RDU,2011,0,1361,1361,1361,1361,1361,1361
IAH,RDU,2011,1,361,361,361,361,361,361
IAH,RDU,2011,2,5,5,5,5,5,5
IAH,RDU,2011,3,13,13,13,13,13,13
IAH,RDU,2012,0,1285,1285,1285,1285,1285,1285
IAH,RDU,2012,1,346,346,346,346,346,346
IAH,RDU,2012,2,8,8,8,8,8,8
IAH,RDU,2012,3,5,5,5,5,5,5
IAH,RIC,2010,0,692,692,692,692,692,692
IAH,RIC,2010,1,219,219,219,219,219,219
IAH,RIC,2010,2,1,1,1,1,1,1
IAH,RIC,2010,3,3,3,3,3,3,3
IAH,RIC,2011,0,656,656,656,656,656,656
IAH,RIC,2011,1,237,237,237,237,237,237
IAH,RIC,2011,3,7,7,7,7,7,7
IAH,RIC,2012,0,586,586,586,586,586,586
IAH,RIC,2012,1,230,230,230,230,230,230
IAH,RIC,2012,2,1,1,1,1,1,1
IAH,RIC,2012,3,7,7,7,7,7,7
IAH,RNO,2011,0,212,212,212,212,212,212
IAH,RNO,2011,1,31,31,31,31,31,31
IAH,RNO,2012,0,120,120,120,120,120,120
IAH,RNO,2012,1,21,21,21,21,21,21
IAH,RNO,2012,2,1,1,1,1,1,1
IAH,RNO,2012,3,1,1,1,1,1,1
IAH,RSW,2010,0,802,802,802,802,802,802
IAH,RSW,2010,1,186,186,186,186,186,186
IAH,RSW,2010,2,1,1,1,1,1,1
IAH,RSW,2011,0,755,755,755,755,755,755
IAH,RSW,2011,1,184,184,184,184,184,184
IAH,RSW,2011,2,2,2,2,2,2,2
IAH,RSW,2011,3,7,7,7,7,7,7
IAH,RSW,2012,0,559,559,559,559,559,559
IAH,RSW,2012,1,174,174,174,174,174,174
IAH,RSW,2012,2,1,1,1,1,1,1
IAH,RSW,2012,3,5,5,5,5,5,5
IAH,SAN,2010,0,1875,1875,1875,1875,1875,1875
IAH,SAN,2010,1,388,388,388,388,388,388
IAH,SAN,2010,2,4,4,4,4,4,4
IAH,SAN,2010,3,1,1,1,1,1,1
IAH,SAN,2011,0,1854,1854,1854,1854,1854,1854
IAH,SAN,2011,1,362,362,362,362,362,362
IAH,SAN,2011,2,5,5,5,5,5,5
IAH,SAN,2011,3,9,9,9,9,9,9
IAH,SAN,2012,0,1782,1782,1782,1782,1782,1782
IAH,SAN,2012,1,385,385,385,385,385,385
IAH,SAN,2012,2,11,11,11,11,11,11
IAH,SAN,2012,3,11,11,11,11,11,11
IAH,SAT,2010,0,2988,2988,2988,2988,2988,2988
IAH,SAT,2010,1,645,645,645,645,645,645
IAH,SAT,2010,2,2,2,2,2,2,2
IAH,SAT,2010,3,14,14,14,14,14,14
IAH,SAT,2011,0,2598,2598,2598,2598,2598,2598
IAH,SAT,2011,1,552,552,552,552,552,552
IAH,SAT,2011,2,2,2,2,2,2,2
IAH,SAT,2011,3,25,25,25,25,25,25
IAH,SAT,2012,0,2444,2444,2444,2444,2444,2444
IAH,SAT,2012,1,612,612,612,612,612,612
IAH,SAT,2012,2,2,2,2,2,2,2
IAH,SAT,2012,3,18,18,18,18,18,18
IAH,SAV,2010,0,692,692,692,692,692,692
IAH,SAV,2010,1,181,181,181,181,181,181
IAH,SAV,2010,2,4,4,4,4,4,4
IAH,SAV,2010,3,6,6,6,6,6,6
IAH,SAV,2011,0,606,606,606,606,606,606
IAH,SAV,2011,1,245,245,245,245,245,245
IAH,SAV,2011,2,4,4,4,4,4,4
IAH,SAV,2011,3,8,8,8,8,8,8
IAH,SAV,2012,0,443,443,443,443,443,443
IAH,SAV,2012,1,178,178,178,178,178,178
IAH,SAV,2012,2,2,2,2,2,2,2
IAH,SAV,2012,3,5,5,5,5,5,5
IAH,SDF,2010,0,773,773,773,773,773,773
IAH,SDF,2010,1,193,193,193,193,193,193
IAH,SDF,2010,2,2,2,2,2,2,2
IAH,SDF,2010,3,2,2,2,2,2,2
IAH,SDF,2011,0,997,997,997,997,997,997
IAH,SDF,2011,1,269,269,269,269,269,269
IAH,SDF,2011,2,3,3,3,3,3,3
IAH,SDF,2011,3,10,10,10,10,10,10
IAH,SDF,2012,0,774,774,774,774,774,774
IAH,SDF,2012,1,259,259,259,259,259,259
IAH,SDF,2012,2,2,2,2,2,2,2
IAH,SDF,2012,3,3,3,3,3,3,3
IAH,SEA,2010,0,2116,2116,2116,2116,2116,2116
IAH,SEA,2010,1,555,555,555,555,555,555
IAH,SEA,2010,2,3,3,3,3,3,3
IAH,SEA,2011,0,1795,1795,1795,1795,1795,1795
IAH,SEA,2011,1,812,812,812,812,812,812
IAH,SEA,2011,2,4,4,4,4,4,4
IAH,SEA,2011,3,4,4,4,4,4,4
IAH,SEA,2012,0,1869,1869,1869,1869,1869,1869
IAH,SEA,2012,1,625,625,625,625,625,625
IAH,SEA,2012,2,7,7,7,7,7,7
IAH,SEA,2012,3,7,7,7,7,7,7
IAH,SFO,2010,0,1896,1896,1896,1896,1896,1896
IAH,SFO,2010,1,742,742,742,742,742,742
IAH,SFO,2010,2,2,2,2,2,2,2
IAH,SFO,2010,3,1,1,1,1,1,1
IAH,SFO,2011,0,1895,1895,1895,1895,1895,1895
IAH,SFO,2011,1,905,905,905,905,905,905
IAH,SFO,2011,2,4,4,4,4,4,4
IAH,SFO,2011,3,14,14,14,14,14,14
IAH,SFO,2012,0,2399,2399,2399,2399,2399,2399
IAH,SFO,2012,1,940,940,940,940,940,940
IAH,SFO,2012,2,9,9,9,9,9,9
IAH,SFO,2012,3,28,28,28,28,28,28
IAH,SHV,2010,0,654,654,654,654,654,654
IAH,SHV,2010,1,141,141,141,141,141,141
IAH,SHV,2010,3,7,7,7,7,7,7
IAH,SHV,2011,0,606,606,606,606,606,606
IAH,SHV,2011,1,171,171,171,171,171,171
IAH,SHV,2011,2,1,1,1,1,1,1
IAH,SHV,2011,3,9,9,9,9,9,9
IAH,SHV,2012,0,1038,1038,1038,1038,1038,1038
IAH,SHV,2012,1,319,319,319,319,319,319
IAH,SHV,2012,2,4,4,4,4,4,4
IAH,SHV,2012,3,28,28,28,28,28,28
IAH,SJC,2010,0,815,815,815,815,815,815
IAH,SJC,2010,1,114,114,114,114,114,114
IAH,SJC,2011,0,745,745,745,745,745,745
IAH,SJC,2011,1,138,138,138,138,138,138
IAH,SJC,2011,2,1,1,1,1,1,1
IAH,SJC,2011,3,1,1,1,1,1,1
IAH,SJC,2012,0,644,644,644,644,644,644
IAH,SJC,2012,1,141,141,141,141,141,141
IAH,SJC,2012,2,1,1,1,1,1,1
IAH,SJC,2012,3,3,3,3,3,3,3
IAH,SJU,2010,0,462,462,462,462,462,462
IAH,SJU,2010,1,128,128,128,128,128,128
IAH,SJU,2010,3,2,2,2,2,2,2
IAH,SJU,2011,0,265,265,265,265,265,265
IAH,SJU,2011,1,123,123,123,123,123,123
IAH,SJU,2011,2,1,1,1,1,1,1
IAH,SJU,2011,3,2,2,2,2,2,2
IAH,SJU,2012,0,173,173,173,173,173,173
IAH,SJU,2012,1,32,32,32,32,32,32
IAH,SLC,2010,0,1721,1721,1721,1721,1721,1721
IAH,SLC,2010,1,297,297,297,297,297,297
IAH,SLC,2010,2,3,3,3,3,3,3
IAH,SLC,2010,3,9,9,9,9,9,9
IAH,SLC,2011,0,1709,1709,1709,1709,1709,1709
IAH,SLC,2011,1,313,313,313,313,313,313
IAH,SLC,2011,2,2,2,2,2,2,2
IAH,SLC,2011,3,9,9,9,9,9,9
IAH,SLC,2012,0,1624,1624,1624,1624,1624,1624
IAH,SLC,2012,1,358,358,358,358,358,358
IAH,SLC,2012,3,9,9,9,9,9,9
IAH,SMF,2010,0,929,929,929,929,929,929
IAH,SMF,2010,1,158,158,158,158,158,158
IAH,SMF,2010,2,1,1,1,1,1,1
IAH,SMF,2011,0,822,822,822,822,822,822
IAH,SMF,2011,1,189,189,189,189,189,189
IAH,SMF,2011,3,3,3,3,3,3,3
IAH,SMF,2012,0,771,771,771,771,771,771
IAH,SMF,2012,1,166,166,166,166,166,166
IAH,SMF,2012,2,4,4,4,4,4,4
IAH,SMF,2012,3,1,1,1,1,1,1
IAH,SNA,2010,0,1395,1395,1395,1395,1395,1395
IAH,SNA,2010,1,240,240,240,240,240,240
IAH,SNA,2010,2,3,3,3,3,3,3
IAH,SNA,2010,3,3,3,3,3,3,3
IAH,SNA,2011,0,1405,1405,1405,1405,1405,1405
IAH,SNA,2011,1,243,243,243,243,243,243
IAH,SNA,2011,2,3,3,3,3,3,3
IAH,SNA,2011,3,10,10,10,10,10,10
IAH,SNA,2012,0,1418,1418,1418,1418,1418,1418
IAH,SNA,2012,1,227,227,227,227,227,227
IAH,SNA,2012,2,6,6,6,6,6,6
IAH,SNA,2012,3,8,8,8,8,8,8
IAH,STL,2010,0,780,780,780,780,780,780
IAH,STL,2010,1,156,156,156,156,156,156
IAH,STL,2010,2,2,2,2,2,2,2
IAH,STL,2010,3,4,4,4,4,4,4
IAH,STL,2011,0,875,875,875,875,875,875
IAH,STL,2011,1,279,279,279,279,279,279
IAH,STL,2011,2,6,6,6,6,6,6
IAH,STL,2011,3,15,15,15,15,15,15
IAH,STL,2012,0,425,425,425,425,425,425
IAH,STL,2012,1,150,150,150,150,150,150
IAH,STL,2012,2,4,4,4,4,4,4
IAH,STL,2012,3,3,3,3,3,3,3
IAH,TPA,2010,0,1491,1491,1491,1491,1491,1491
IAH,TPA,2010,1,258,258,258,258,258,258
IAH,TPA,2011,0,1428,1428,1428,1428,1428,1428
IAH,TPA,2011,1,293,293,293,293,293,293
IAH,TPA,2011,2,2,2,2,2,2,2
IAH,TPA,2011,3,5,5,5,5,5,5
IAH,TPA,2012,0,1364,1364,1364,1364,1364,1364
IAH,TPA,2012,1,320,320,320,320,320,320
IAH,TPA,2012,2,5,5,5,5,5,5
IAH,TPA,2012,3,8,8,8,8,8,8
IAH,TUL,2010,0,2086,2086,2086,2086,2086,2086
IAH,TUL,2010,1,406,406,406,406,406,406
IAH,TUL,2010,2,5,5,5,5,5,5
IAH,TUL,2010,3,30,30,30,30,30,30
IAH,TUL,2011,0,1523,1523,1523,1523,1523,1523
IAH,TUL,2011,1,293,293,293,293,293,293
IAH,TUL,2011,2,2,2,2,2,2,2
IAH,TUL,2011,3,37,37,37,37,37,37
IAH,TUL,2012,0,1971,1971,1971,1971,1971,1971
IAH,TUL,2012,1,579,579,579,579,579,579
IAH,TUL,2012,2,8,8,8,8,8,8
IAH,TUL,2012,3,34,34,34,34,34,34
IAH,TUS,2010,0,1208,1208,1208,1208,1208,1208
IAH,TUS,2010,1,366,366,366,366,366,366
IAH,TUS,2010,2,7,7,7,7,7,7
IAH,TUS,2010,3,4,4,4,4,4,4
IAH,TUS,2011,0,1168,1168,1168,1168,1168,1168
IAH,TUS,2011,1,380,380,380,380,380,380
IAH,TUS,2011,2,2,2,2,2,2,2
IAH,TUS,2011,3,15,15,15,15,15,15
IAH,TUS,2012,0,1066,1066,1066,1066,1066,1066
IAH,TUS,2012,1,327,327,327,327,327,327
IAH,TUS,2012,2,4,4,4,4,4,4
IAH,TUS,2012,3,7,7,7,7,7,7
IAH,TYR,2012,0,458,458,458,458,458,458
IAH,TYR,2012,1,81,81,81,81,81,81
IAH,TYR,2012,2,1,1,1,1,1,1
IAH,TYR,2012,3,16,16,16,16,16,16
IAH,TYS,2010,0,951,951,951,951,951,951
IAH,TYS,2010,1,276,276,276,276,276,276
IAH,TYS,2010,2,1,1,1,1,1,1
IAH,TYS,2011,0,882,882,882,882,882,882
IAH,TYS,2011,1,315,315,315,315,315,315
IAH,TYS,2011,2,5,5,5,5,5,5
IAH,TYS,2011,3,8,8,8,8,8,8
IAH,TYS,2012,0,688,688,688,688,688,688
IAH,TYS,2012,1,231,231,231,231,231,231
IAH,TYS,2012,2,2,2,2,2,2,2
IAH,TYS,2012,3,5,5,5,5,5,5
IAH,VPS,2010,0,763,763,763,763,763,763
IAH,VPS,2010,1,197,197,197,197,197,197
IAH,VPS,2010,2,8,8,8,8,8,8
IAH,VPS,2010,3,9,9,9,9,9,9
IAH,VPS,2011,0,635,635,635,635,635,635
IAH,VPS,2011,1,229,229,229,229,229,229
IAH,VPS,2011,2,6,6,6,6,6,6
IAH,VPS,2011,3,10,10,10,10,10,10
IAH,VPS,2012,0,668,668,668,668,668,668
IAH,VPS,2012,1,298,298,298,298,298,298
IAH,VPS,2012,2,6,6,6,6,6,6
IAH,VPS,2012,3,13,13,13,13,13,13
IAH,XNA,2010,0,964,964,964,964,964,964
IAH,XNA,2010,1,227,227,227,227,227,227
IAH,XNA,2010,2,6,6,6,6,6,6
IAH,XNA,2010,3,12,12,12,12,12,12
IAH,XNA,2011,0,919,919,919,919,919,919
IAH,XNA,2011,1,209,209,209,209,209,209
IAH,XNA,2011,2,10,10,10,10,10,10
IAH,XNA,2011,3,34,34,34,34,34,34
IAH,XNA,2012,0,802,802,802,802,802,802
IAH,XNA,2012,1,313,313,313,313,313,313
IAH,XNA,2012,2,2,2,2,2,2,2
IAH,XNA,2012,3,15,15,15,15,15,15
